Workbook

Sheet Backlog List
B2: Backlog List
B3: Backlog ID | C3: Task Title | D3: Task Description
B4: 1001 | C4: Our first Amazing title | D4: This is what we need to do.
B5: 1002 | C5: Another title
B6: 1003 | C6: Third Title
B7: 1004 | C7: Fourth Title
B8: 1005 | C8: Fifth title
B9: 1006
B10: 1007
B11: 1008
B12: 1009
B13: 1010
B14: 1011
B15: 1012
B16: 1013
B17: 1014
B18: 1015
B19: 1016
B20: 1017
... B63: 1060

Sheet Kanban Board
B1: Kanban Board
A2: Sprint backlog
G3: To Do | H3: In Discovery | I3: In Development | J3: In Test | K3: Sign Off | L3: Done
B4: ='Backlog List'!B4 -> 1001 | D4: ='Backlog List'!B5 -> 1002
B5: ='Backlog List'!C4 -> Our first Amazing title | D5: ='Backlog List'!C5 -> Another title
B6: Assignee: Billy | D6: Assignee:
B8: ='Backlog List'!B6 -> 1003 | D8: ='Backlog List'!B7 -> 1004
B9: ='Backlog List'!C6 -> Third Title | D9: ='Backlog List'!C7 -> Fourth Title
B10: Assignee: | D10: Assignee:
B12: ='Backlog List'!B8 -> 1005 | D12: ='Backlog List'!B9 -> 1006
B13: ='Backlog List'!C8 -> Fifth title | D13: ='Backlog List'!C9 -> 0
B14: Assignee: | D14: Assignee:
B16: ='Backlog List'!B10 -> 1007 | D16: ='Backlog List'!B11 -> 1008
B17: ='Backlog List'!C10 -> 0 | D17: ='Backlog List'!C11 -> 0
B18: Assignee: | D18: Assignee:
B20: ='Backlog List'!B12 -> 1009 | D20: ='Backlog List'!B13 -> 1010
B21: ='Backlog List'!C12 -> 0 | D21: ='Backlog List'!C13 -> 0
B22: Assignee: | D22: Assignee:
B24: ='Backlog List'!B14 -> 1011 | D24: ='Backlog List'!B15 -> 1012
B25: ='Backlog List'!C14 -> 0 | D25: ='Backlog List'!C15 -> 0
B26: Assignee: | D26: Assignee:
B28: ='Backlog List'!B16 -> 1013 | D28: ='Backlog List'!B17 -> 1014
B29: ='Backlog List'!C16 -> 0 | D29: ='Backlog List'!C17 -> 0
B30: Assignee: | D30: Assignee:
B32: ='Backlog List'!B18 -> 1015 | D32: ='Backlog List'!B19 -> 1016
B33: ='Backlog List'!C18 -> 0 | D33: ='Backlog List'!C19 -> 0
B34: Assignee: | D34: Assignee:
B36: ='Backlog List'!B20 -> 1017 | D36: ='Backlog List'!B21 -> 1018
B37: ='Backlog List'!C20 -> 0 | D37: ='Backlog List'!C21 -> 0
B38: Assignee: | D38: Assignee:
B40: ='Backlog List'!B22 -> 1019 | D40: ='Backlog List'!B23 -> 1020
B41: ='Backlog List'!C22 -> 0 | D41: ='Backlog List'!C23 -> 0
B42: Assignee: | D42: Assignee:
B44: ='Backlog List'!B24 -> 1021 | D44: ='Backlog List'!B25 -> 1022
B45: ='Backlog List'!C24 -> 0 | D45: ='Backlog List'!C25 -> 0
B46: Assignee: | D46: Assignee:
B48: ='Backlog List'!B26 -> 1023 | D48: ='Backlog List'!B27 -> 1024
B49: ='Backlog List'!C26 -> 0 | D49: ='Backlog List'!C27 -> 0
B50: Assignee: | D50: Assignee:
B52: ='Backlog List'!B28 -> 1025 | D52: ='Backlog List'!B29 -> 1026
B53: ='Backlog List'!C28 -> 0 | D53: ='Backlog List'!C29 -> 0
B54: Assignee: | D54: Assignee:
B56: ='Backlog List'!B30 -> 1027 | D56: ='Backlog List'!B31 -> 1028
B57: ='Backlog List'!C30 -> 0 | D57: ='Backlog List'!C31 -> 0
B58: Assignee: | D58: Assignee:
B60: ='Backlog List'!B32 -> 1029 | D60: ='Backlog List'!B33 -> 1030
B61: ='Backlog List'!C32 -> 0 | D61: ='Backlog List'!C33 -> 0
B62: Assignee: | D62: Assignee:
B64: ='Backlog List'!B34 -> 1031 | D64: ='Backlog List'!B35 -> 1032
B65: ='Backlog List'!C34 -> 0 | D65: ='Backlog List'!C35 -> 0
B66: Assignee: | D66: Assignee:
B68: ='Backlog List'!B36 -> 1033 | D68: ='Backlog List'!B37 -> 1034
B69: ='Backlog List'!C36 -> 0 | D69: ='Backlog List'!C37 -> 0
B70: Assignee: | D70: Assignee:
B72: ='Backlog List'!B38 -> 1035 | D72: ='Backlog List'!B39 -> 1036
B73: ='Backlog List'!C38 -> 0 | D73: ='Backlog List'!C39 -> 0
B74: Assignee: | D74: Assignee:
B76: ='Backlog List'!B40 -> 1037 | D76: ='Backlog List'!B41 -> 1038
B77: ='Backlog List'!C40 -> 0 | D77: ='Backlog List'!C41 -> 0
B78: Assignee: | D78: Assignee:
B80: ='Backlog List'!B42 -> 1039 | D80: ='Backlog List'!B43 -> 1040
B81: ='Backlog List'!C42 -> 0 | D81: ='Backlog List'!C43 -> 0
B82: Assignee: | D82: Assignee:
B84: ='Backlog List'!B44 -> 1041 | D84: ='Backlog List'!B45 -> 1042
B85: ='Backlog List'!C44 -> 0 | D85: ='Backlog List'!C45 -> 0
B86: Assignee: | D86: Assignee:
B88: ='Backlog List'!B46 -> 1043 | D88: ='Backlog List'!B47 -> 1044
B89: ='Backlog List'!C46 -> 0 | D89: ='Backlog List'!C47 -> 0
B90: Assignee: | D90: Assignee:
B92: ='Backlog List'!B48 -> 1045 | D92: ='Backlog List'!B49 -> 1046
B93: ='Backlog List'!C48 -> 0 | D93: ='Backlog List'!C49 -> 0
B94: Assignee: | D94: Assignee:
B96: ='Backlog List'!B50 -> 1047 | D96: ='Backlog List'!B51 -> 1048
B97: ='Backlog List'!C50 -> 0 | D97: ='Backlog List'!C51 -> 0
B98: Assignee: | D98: Assignee:
B100: ='Backlog List'!B52 -> 1049 | D100: ='Backlog List'!B53 -> 1050
B101: ='Backlog List'!C52 -> 0 | D101: ='Backlog List'!C53 -> 0
B102: Assignee: | D102: Assignee:
B104: ='Backlog List'!B54 -> 1051 | D104: ='Backlog List'!B55 -> 1052
B105: ='Backlog List'!C54 -> 0 | D105: ='Backlog List'!C55 -> 0
B106: Assignee: | D106: Assignee:
B108: ='Backlog List'!B56 -> 1053 | D108: ='Backlog List'!B57 -> 1054
B109: ='Backlog List'!C56 -> 0 | D109: ='Backlog List'!C57 -> 0
B110: Assignee: | D110: Assignee:
B112: ='Backlog List'!B58 -> 1055 | D112: ='Backlog List'!B59 -> 1056
B113: ='Backlog List'!C58 -> 0 | D113: ='Backlog List'!C59 -> 0
B114: Assignee: | D114: Assignee:
B116: ='Backlog List'!B60 -> 1057 | D116: ='Backlog List'!B61 -> 1058
B117: ='Backlog List'!C60 -> 0 | D117: ='Backlog List'!C61 -> 0
B118: Assignee: | D118: Assignee:
B120: ='Backlog List'!B62 -> 1059 | D120: ='Backlog List'!B63 -> 1060
B121: ='Backlog List'!C62 -> 0 | D121: ='Backlog List'!C63 -> 0
B122: Assignee: | D122: Assignee:
