Workbook
Name InherentImpact: 'Risk Assessment Two Pages'!$G$6:$G$33
Name InherentProbability: 'Risk Assessment Two Pages'!$F$6:$F$33
Name ResidualImpact: 'Risk Assessment Two Pages'!$L$6:$L$33
Name ResidualProbability: 'Risk Assessment Two Pages'!$K$6:$K$33

Sheet Risk Assessment Two Pages
B1: Risk Assessment
C2: Area Name: | D2: Project or Area | E2: Updated by: | I2: Date last updated: | J2: 45726
F4: Inherent Risk (Without controls) | K4: Residual Risk (with controls)
B5: Unique ID | C5: Risk Description | D5: Caused by & Consequences | E5: Risk Owner (s) Name and Role | F5: Probability | G5: Impact | H5: Risk Rating | I5: Control (s) | J5: Control Owner (s) Name and Role | K5: Residual Probability | L5: Residual Impact | M5: Residual Risk Rating
B6: =IF(ISBLANK(C6),"",1) -> 1 | C6: Risk 1 | D6: Caused by: Consequences: | E6: Jemima Hamilton, VP Sales; | F6: Very High | G6: Medium | H6: =IFERROR(INDEX('Risk Matrix'!D$6:H$10,MATCH('Risk Assessment Two Pages'!F6,'Risk Matrix'!C$6:C$10,0),MATCH('Risk Assessment Two Pages'!G6,'Risk Matrix'!D$5:H$5,0)),"") -> Severe | K6: Very High | L6: Very Low | M6: =IFERROR(INDEX('Risk Matrix'!D$6:H$10,MATCH('Risk Assessment Two Pages'!K6,'Risk Matrix'!C$6:C$10,0),MATCH('Risk Assessment Two Pages'!L6,'Risk Matrix'!D$5:H$5,0)),"") -> Moderate
B7: =IF(C7="","",MAX(B$6:B6)+1) -> 2 | C7: When you enter risks, the numbers to the left will appear automatically. | D7: Caused by: Consequences: | F7: Low | G7: High | H7: =IFERROR(INDEX('Risk Matrix'!D$6:H$10,MATCH('Risk Assessment Two Pages'!F7,'Risk Matrix'!C$6:C$10,0),MATCH('Risk Assessment Two Pages'!G7,'Risk Matrix'!D$5:H$5,0)),"") -> Severe | K7: Low | L7: Medium | M7: =IFERROR(INDEX('Risk Matrix'!D$6:H$10,MATCH('Risk Assessment Two Pages'!K7,'Risk Matrix'!C$6:C$10,0),MATCH('Risk Assessment Two Pages'!L7,'Risk Matrix'!D$5:H$5,0)),"") -> Moderate
B8: =IF(C8="","",MAX(B$6:B7)+1) | D8: Caused by: Consequences: | F8: Very Low | G8: High | H8: =IFERROR(INDEX('Risk Matrix'!D$6:H$10,MATCH('Risk Assessment Two Pages'!F8,'Risk Matrix'!C$6:C$10,0),MATCH('Risk Assessment Two Pages'!G8,'Risk Matrix'!D$5:H$5,0)),"") -> Moderate | K8: Medium | L8: Medium | M8: =IFERROR(INDEX('Risk Matrix'!D$6:H$10,MATCH('Risk Assessment Two Pages'!K8,'Risk Matrix'!C$6:C$10,0),MATCH('Risk Assessment Two Pages'!L8,'Risk Matrix'!D$5:H$5,0)),"") -> Moderate
B9: =IF(C9="","",MAX(B$6:B8)+1) | D9: Caused by: Consequences: | F9: Low | G9: Medium | H9: =IFERROR(INDEX('Risk Matrix'!D$6:H$10,MATCH('Risk Assessment Two Pages'!F9,'Risk Matrix'!C$6:C$10,0),MATCH('Risk Assessment Two Pages'!G9,'Risk Matrix'!D$5:H$5,0)),"") -> Moderate | K9: Low | L9: Low | M9: =IFERROR(INDEX('Risk Matrix'!D$6:H$10,MATCH('Risk Assessment Two Pages'!K9,'Risk Matrix'!C$6:C$10,0),MATCH('Risk Assessment Two Pages'!L9,'Risk Matrix'!D$5:H$5,0)),"") -> Sustainable
B10: =IF(C10="","",MAX(B$6:B9)+1) | D10: Caused by: Consequences: | F10: High | G10: High | H10: =IFERROR(INDEX('Risk Matrix'!D$6:H$10,MATCH('Risk Assessment Two Pages'!F10,'Risk Matrix'!C$6:C$10,0),MATCH('Risk Assessment Two Pages'!G10,'Risk Matrix'!D$5:H$5,0)),"") -> Critical | K10: Low | L10: Medium | M10: =IFERROR(INDEX('Risk Matrix'!D$6:H$10,MATCH('Risk Assessment Two Pages'!K10,'Risk Matrix'!C$6:C$10,0),MATCH('Risk Assessment Two Pages'!L10,'Risk Matrix'!D$5:H$5,0)),"") -> Moderate
B11: =IF(C11="","",MAX(B$6:B10)+1) | D11: Caused by: Consequences: | F11: High | G11: Very Low | H11: =IFERROR(INDEX('Risk Matrix'!D$6:H$10,MATCH('Risk Assessment Two Pages'!F11,'Risk Matrix'!C$6:C$10,0),MATCH('Risk Assessment Two Pages'!G11,'Risk Matrix'!D$5:H$5,0)),"") -> Sustainable | K11: Medium | L11: Very Low | M11: =IFERROR(INDEX('Risk Matrix'!D$6:H$10,MATCH('Risk Assessment Two Pages'!K11,'Risk Matrix'!C$6:C$10,0),MATCH('Risk Assessment Two Pages'!L11,'Risk Matrix'!D$5:H$5,0)),"") -> Sustainable
B12: =IF(C12="","",MAX(B$6:B11)+1) | D12: Caused by: Consequences: | F12: Medium | G12: Low | H12: =IFERROR(INDEX('Risk Matrix'!D$6:H$10,MATCH('Risk Assessment Two Pages'!F12,'Risk Matrix'!C$6:C$10,0),MATCH('Risk Assessment Two Pages'!G12,'Risk Matrix'!D$5:H$5,0)),"") -> Moderate | K12: Low | L12: Low | M12: =IFERROR(INDEX('Risk Matrix'!D$6:H$10,MATCH('Risk Assessment Two Pages'!K12,'Risk Matrix'!C$6:C$10,0),MATCH('Risk Assessment Two Pages'!L12,'Risk Matrix'!D$5:H$5,0)),"") -> Sustainable
B13: =IF(C13="","",MAX(B$6:B12)+1) | D13: Caused by: Consequences: | F13: Low | G13: High | H13: =IFERROR(INDEX('Risk Matrix'!D$6:H$10,MATCH('Risk Assessment Two Pages'!F13,'Risk Matrix'!C$6:C$10,0),MATCH('Risk Assessment Two Pages'!G13,'Risk Matrix'!D$5:H$5,0)),"") -> Severe | K13: Low | L13: Low | M13: =IFERROR(INDEX('Risk Matrix'!D$6:H$10,MATCH('Risk Assessment Two Pages'!K13,'Risk Matrix'!C$6:C$10,0),MATCH('Risk Assessment Two Pages'!L13,'Risk Matrix'!D$5:H$5,0)),"") -> Sustainable
B14: =IF(C14="","",MAX(B$6:B13)+1) | D14: Caused by: Consequences: | F14: Medium | G14: Very High | H14: =IFERROR(INDEX('Risk Matrix'!D$6:H$10,MATCH('Risk Assessment Two Pages'!F14,'Risk Matrix'!C$6:C$10,0),MATCH('Risk Assessment Two Pages'!G14,'Risk Matrix'!D$5:H$5,0)),"") -> Critical | K14: Very Low | L14: Medium | M14: =IFERROR(INDEX('Risk Matrix'!D$6:H$10,MATCH('Risk Assessment Two Pages'!K14,'Risk Matrix'!C$6:C$10,0),MATCH('Risk Assessment Two Pages'!L14,'Risk Matrix'!D$5:H$5,0)),"") -> Sustainable
B15: =IF(C15="","",MAX(B$6:B14)+1) | D15: Caused by: Consequences: | F15: Medium | G15: High | H15: =IFERROR(INDEX('Risk Matrix'!D$6:H$10,MATCH('Risk Assessment Two Pages'!F15,'Risk Matrix'!C$6:C$10,0),MATCH('Risk Assessment Two Pages'!G15,'Risk Matrix'!D$5:H$5,0)),"") -> Severe | K15: Low | L15: Low | M15: =IFERROR(INDEX('Risk Matrix'!D$6:H$10,MATCH('Risk Assessment Two Pages'!K15,'Risk Matrix'!C$6:C$10,0),MATCH('Risk Assessment Two Pages'!L15,'Risk Matrix'!D$5:H$5,0)),"") -> Sustainable
B16: =IF(C16="","",MAX(B$6:B15)+1) | D16: Caused by: Consequences: | F16: Medium | G16: Very Low | H16: =IFERROR(INDEX('Risk Matrix'!D$6:H$10,MATCH('Risk Assessment Two Pages'!F16,'Risk Matrix'!C$6:C$10,0),MATCH('Risk Assessment Two Pages'!G16,'Risk Matrix'!D$5:H$5,0)),"") -> Sustainable | K16: Low | L16: Very Low | M16: =IFERROR(INDEX('Risk Matrix'!D$6:H$10,MATCH('Risk Assessment Two Pages'!K16,'Risk Matrix'!C$6:C$10,0),MATCH('Risk Assessment Two Pages'!L16,'Risk Matrix'!D$5:H$5,0)),"") -> Sustainable
B17: =IF(C17="","",MAX(B$6:B16)+1) | D17: Caused by: Consequences: | H17: =IFERROR(INDEX('Risk Matrix'!D$6:H$10,MATCH('Risk Assessment Two Pages'!F17,'Risk Matrix'!C$6:C$10,0),MATCH('Risk Assessment Two Pages'!G17,'Risk Matrix'!D$5:H$5,0)),"") | M17: =IFERROR(INDEX('Risk Matrix'!D$6:H$10,MATCH('Risk Assessment Two Pages'!K17,'Risk Matrix'!C$6:C$10,0),MATCH('Risk Assessment Two Pages'!L17,'Risk Matrix'!D$5:H$5,0)),"")
B18: =IF(C18="","",MAX(B$6:B17)+1) | D18: Caused by: Consequences: | H18: =IFERROR(INDEX('Risk Matrix'!D$6:H$10,MATCH('Risk Assessment Two Pages'!F18,'Risk Matrix'!C$6:C$10,0),MATCH('Risk Assessment Two Pages'!G18,'Risk Matrix'!D$5:H$5,0)),"") | M18: =IFERROR(INDEX('Risk Matrix'!D$6:H$10,MATCH('Risk Assessment Two Pages'!K18,'Risk Matrix'!C$6:C$10,0),MATCH('Risk Assessment Two Pages'!L18,'Risk Matrix'!D$5:H$5,0)),"")
B19: =IF(C19="","",MAX(B$6:B18)+1) | D19: Caused by: Consequences: | H19: =IFERROR(INDEX('Risk Matrix'!D$6:H$10,MATCH('Risk Assessment Two Pages'!F19,'Risk Matrix'!C$6:C$10,0),MATCH('Risk Assessment Two Pages'!G19,'Risk Matrix'!D$5:H$5,0)),"") | M19: =IFERROR(INDEX('Risk Matrix'!D$6:H$10,MATCH('Risk Assessment Two Pages'!K19,'Risk Matrix'!C$6:C$10,0),MATCH('Risk Assessment Two Pages'!L19,'Risk Matrix'!D$5:H$5,0)),"")
B20: =IF(C20="","",MAX(B$6:B19)+1) | D20: Caused by: Consequences: | H20: =IFERROR(INDEX('Risk Matrix'!D$6:H$10,MATCH('Risk Assessment Two Pages'!F20,'Risk Matrix'!C$6:C$10,0),MATCH('Risk Assessment Two Pages'!G20,'Risk Matrix'!D$5:H$5,0)),"") | M20: =IFERROR(INDEX('Risk Matrix'!D$6:H$10,MATCH('Risk Assessment Two Pages'!K20,'Risk Matrix'!C$6:C$10,0),MATCH('Risk Assessment Two Pages'!L20,'Risk Matrix'!D$5:H$5,0)),"")
B21: =IF(C21="","",MAX(B$6:B20)+1) | D21: Caused by: Consequences: | H21: =IFERROR(INDEX('Risk Matrix'!D$6:H$10,MATCH('Risk Assessment Two Pages'!F21,'Risk Matrix'!C$6:C$10,0),MATCH('Risk Assessment Two Pages'!G21,'Risk Matrix'!D$5:H$5,0)),"") | M21: =IFERROR(INDEX('Risk Matrix'!D$6:H$10,MATCH('Risk Assessment Two Pages'!K21,'Risk Matrix'!C$6:C$10,0),MATCH('Risk Assessment Two Pages'!L21,'Risk Matrix'!D$5:H$5,0)),"")
B22: =IF(C22="","",MAX(B$6:B21)+1) | D22: Caused by: Consequences: | H22: =IFERROR(INDEX('Risk Matrix'!D$6:H$10,MATCH('Risk Assessment Two Pages'!F22,'Risk Matrix'!C$6:C$10,0),MATCH('Risk Assessment Two Pages'!G22,'Risk Matrix'!D$5:H$5,0)),"") | M22: =IFERROR(INDEX('Risk Matrix'!D$6:H$10,MATCH('Risk Assessment Two Pages'!K22,'Risk Matrix'!C$6:C$10,0),MATCH('Risk Assessment Two Pages'!L22,'Risk Matrix'!D$5:H$5,0)),"")
B23: =IF(C23="","",MAX(B$6:B22)+1) | D23: Caused by: Consequences: | H23: =IFERROR(INDEX('Risk Matrix'!D$6:H$10,MATCH('Risk Assessment Two Pages'!F23,'Risk Matrix'!C$6:C$10,0),MATCH('Risk Assessment Two Pages'!G23,'Risk Matrix'!D$5:H$5,0)),"") | M23: =IFERROR(INDEX('Risk Matrix'!D$6:H$10,MATCH('Risk Assessment Two Pages'!K23,'Risk Matrix'!C$6:C$10,0),MATCH('Risk Assessment Two Pages'!L23,'Risk Matrix'!D$5:H$5,0)),"")
B24: =IF(C24="","",MAX(B$6:B23)+1) | D24: Caused by: Consequences: | H24: =IFERROR(INDEX('Risk Matrix'!D$6:H$10,MATCH('Risk Assessment Two Pages'!F24,'Risk Matrix'!C$6:C$10,0),MATCH('Risk Assessment Two Pages'!G24,'Risk Matrix'!D$5:H$5,0)),"") | M24: =IFERROR(INDEX('Risk Matrix'!D$6:H$10,MATCH('Risk Assessment Two Pages'!K24,'Risk Matrix'!C$6:C$10,0),MATCH('Risk Assessment Two Pages'!L24,'Risk Matrix'!D$5:H$5,0)),"")
B25: =IF(C25="","",MAX(B$6:B24)+1) | D25: Caused by: Consequences: | H25: =IFERROR(INDEX('Risk Matrix'!D$6:H$10,MATCH('Risk Assessment Two Pages'!F25,'Risk Matrix'!C$6:C$10,0),MATCH('Risk Assessment Two Pages'!G25,'Risk Matrix'!D$5:H$5,0)),"") | M25: =IFERROR(INDEX('Risk Matrix'!D$6:H$10,MATCH('Risk Assessment Two Pages'!K25,'Risk Matrix'!C$6:C$10,0),MATCH('Risk Assessment Two Pages'!L25,'Risk Matrix'!D$5:H$5,0)),"")
B26: =IF(C26="","",MAX(B$6:B25)+1) | D26: Caused by: Consequences: | H26: =IFERROR(INDEX('Risk Matrix'!D$6:H$10,MATCH('Risk Assessment Two Pages'!F26,'Risk Matrix'!C$6:C$10,0),MATCH('Risk Assessment Two Pages'!G26,'Risk Matrix'!D$5:H$5,0)),"") | M26: =IFERROR(INDEX('Risk Matrix'!D$6:H$10,MATCH('Risk Assessment Two Pages'!K26,'Risk Matrix'!C$6:C$10,0),MATCH('Risk Assessment Two Pages'!L26,'Risk Matrix'!D$5:H$5,0)),"")
B27: =IF(C27="","",MAX(B$6:B26)+1) | D27: Caused by: Consequences: | H27: =IFERROR(INDEX('Risk Matrix'!D$6:H$10,MATCH('Risk Assessment Two Pages'!F27,'Risk Matrix'!C$6:C$10,0),MATCH('Risk Assessment Two Pages'!G27,'Risk Matrix'!D$5:H$5,0)),"") | M27: =IFERROR(INDEX('Risk Matrix'!D$6:H$10,MATCH('Risk Assessment Two Pages'!K27,'Risk Matrix'!C$6:C$10,0),MATCH('Risk Assessment Two Pages'!L27,'Risk Matrix'!D$5:H$5,0)),"")
B28: =IF(C28="","",MAX(B$6:B27)+1) | D28: Caused by: Consequences: | H28: =IFERROR(INDEX('Risk Matrix'!D$6:H$10,MATCH('Risk Assessment Two Pages'!F28,'Risk Matrix'!C$6:C$10,0),MATCH('Risk Assessment Two Pages'!G28,'Risk Matrix'!D$5:H$5,0)),"") | M28: =IFERROR(INDEX('Risk Matrix'!D$6:H$10,MATCH('Risk Assessment Two Pages'!K28,'Risk Matrix'!C$6:C$10,0),MATCH('Risk Assessment Two Pages'!L28,'Risk Matrix'!D$5:H$5,0)),"")
... B33: =IF(C33="","",MAX(B$6:B32)+1) | D33: Caused by: Consequences: | H33: =IFERROR(INDEX('Risk Matrix'!D$6:H$10,MATCH('Risk Assessment Two Pages'!F33,'Risk Matrix'!C$6:C$10,0),MATCH('Risk Assessment Two Pages'!G33,'Risk Matrix'!D$5:H$5,0)),"") | M33: =IFERROR(INDEX('Risk Matrix'!D$6:H$10,MATCH('Risk Assessment Two Pages'!K33,'Risk Matrix'!C$6:C$10,0),MATCH('Risk Assessment Two Pages'!L33,'Risk Matrix'!D$5:H$5,0)),"")
E34: Overall Inherent Risk Number | F34: =((COUNTIF(InherentProbability,'Risk Matrix'!$K$7) * 1) + (COUNTIF(InherentProbability,'Risk Matrix'!$K$6) * 2) + (COUNTIF(InherentProbability,'Risk Matrix'!$K$5) * 3) + (COUNTIF(InherentProbability,'Risk Matrix'!$K$4) * 4) + (COUNTIF(InherentProbability,'Risk Matrix'!$K$3) * 5)) / COUNTA(InherentProbability) -> 2.9090909 | G34: =((COUNTIF(InherentImpact,'Risk Matrix'!$L$7)*1)+ (COUNTIF(InherentImpact,'Risk Matrix'!$L$6)*2)+ (COUNTIF(InherentImpact,'Risk Matrix'!$L$5)*3)+ (COUNTIF(InherentImpact,'Risk Matrix'!$L$4)*4)+ (COUNTIF(InherentImpact,'Risk Matrix'!$L$3)*5)) /COUNTA(InherentImpact) -> 3.1818182 | J34: Overall Residual Risk Number | K34: =((COUNTIF(ResidualProbability,'Risk Matrix'!$K$7) * 1) + (COUNTIF(ResidualProbability,'Risk Matrix'!$K$6) * 2) + (COUNTIF(ResidualProbability,'Risk Matrix'!$K$5) * 3) + (COUNTIF(ResidualProbability,'Risk Matrix'!$K$4) * 4) + (COUNTIF(ResidualProbability,'Risk Matrix'!$K$3) * 5)) / COUNTA(ResidualProbability) -> 2.3636364 | L34: =((COUNTIF(ResidualImpact,'Risk Matrix'!$L$7)*1)+ (COUNTIF(ResidualImpact,'Risk Matrix'!$L$6)*2)+ (COUNTIF(ResidualImpact,'Risk Matrix'!$L$5)*3)+ (COUNTIF(ResidualImpact,'Risk Matrix'!$L$4)*4)+ (COUNTIF(ResidualImpact,'Risk Matrix'!$L$3)*5)) /COUNTA(ResidualImpact) -> 2.0909091
E35: Overall Inherent Risk Rating | F35: =IF(F34<=1.7,'Risk Matrix'!K$7, IF(F34<=2.5,'Risk Matrix'!K$6, IF(F34<=3.3,'Risk Matrix'!K$5, IF(F34<=4.1,'Risk Matrix'!K$4, IF(F34<=5,'Risk Matrix'!K$3,""))))) -> Medium | G35: =IF(G34<=1.7,'Risk Matrix'!L$7, IF(G34<=2.5,'Risk Matrix'!L$6, IF(G34<=3.3,'Risk Matrix'!L$5, IF(G34<=4.1,'Risk Matrix'!L$4, IF(G34<=5,'Risk Matrix'!L$3,""))))) -> Medium | H35: =IFERROR(INDEX('Risk Matrix'!D$6:H$10,MATCH('Risk Assessment Two Pages'!F35,'Risk Matrix'!$C$6:$C$10,0),MATCH('Risk Assessment Two Pages'!G35,'Risk Matrix'!$D$5:$H$5,0)),"") -> Moderate | J35: Overall Residual Risk Rating | K35: =IF(K34<=1.7,'Risk Matrix'!K$7, IF(K34<=2.5,'Risk Matrix'!K$6, IF(K34<=3.3,'Risk Matrix'!K$5, IF(K34<=4.1,'Risk Matrix'!K$4, IF(K34<=5,'Risk Matrix'!K$3,""))))) -> Low | L35: =IF(L34<=1.7,'Risk Matrix'!L$7, IF(L34<=2.5,'Risk Matrix'!L$6, IF(L34<=3.3,'Risk Matrix'!L$5, IF(L34<=4.1,'Risk Matrix'!L$4, IF(L34<=5,'Risk Matrix'!L$3,""))))) -> Low | M35: =IFERROR(INDEX('Risk Matrix'!D$6:H$10,MATCH('Risk Assessment Two Pages'!K35,'Risk Matrix'!C$6:C$10,0),MATCH('Risk Assessment Two Pages'!L35,'Risk Matrix'!D$5:H$5,0)),"") -> Sustainable

Sheet Risk Matrix
B2: Risk Matrix | K2: Probability | L2: Impact
B3: Master Risk Matrix | K3: Very High | L3: Very High
B4: Note: DO NOT edit the table below - change the values to the right in the blue table to update how you measure Probability and Impact in this Matrix | K4: High | L4: High
C5: Impact: | D5: =L$7 -> Very Low | E5: =L$6 -> Low | F5: =L$5 -> Medium | G5: =L$4 -> High | H5: =L$3 -> Very High | K5: Medium | L5: Medium
B6: Probability | C6: =K$3 -> Very High | D6: Moderate | E6: Severe | F6: Severe | G6: Critical | H6: Critical | K6: Low | L6: Low
C7: =K$4 -> High | D7: Sustainable | E7: Moderate | F7: Severe | G7: Critical | H7: Critical | K7: Very Low | L7: Very Low
C8: =K$5 -> Medium | D8: Sustainable | E8: Moderate | F8: Moderate | G8: Severe | H8: Critical
C9: =K$6 -> Low | D9: Sustainable | E9: Sustainable | F9: Moderate | G9: Severe | H9: Critical
C10: =K$7 -> Very Low | D10: Sustainable | E10: Sustainable | F10: Sustainable | G10: Moderate | H10: Severe
B13: Inherent Risk Matrix (before Controls)
B14: Impact | D14: =L$7 -> Very Low | E14: =L$6 -> Low | F14: =L$5 -> Medium | G14: =L$4 -> High | H14: =L$3 -> Very High
B15: Probability | C15: =K$3 -> Very High | D15: =IF(COUNTIFS(InherentProbability,'Risk Matrix'!$K3,InherentImpact,'Risk Matrix'!$L$7)=0,"",COUNTIFS(InherentProbability,'Risk Matrix'!$K3,InherentImpact,'Risk Matrix'!$L$7)) | E15: =IF(COUNTIFS(InherentProbability,'Risk Matrix'!$K3,InherentImpact,'Risk Matrix'!$L$6)=0,"",COUNTIFS(InherentProbability,'Risk Matrix'!$K3,InherentImpact,'Risk Matrix'!$L$6)) | F15: =IF(COUNTIFS(InherentProbability,'Risk Matrix'!$K3,InherentImpact,'Risk Matrix'!$L$5)=0,"",COUNTIFS(InherentProbability,'Risk Matrix'!$K3,InherentImpact,'Risk Matrix'!$L$5)) -> 1 | G15: =IF(COUNTIFS(InherentProbability,'Risk Matrix'!$K3,InherentImpact,'Risk Matrix'!$L$4)=0,"",COUNTIFS(InherentProbability,'Risk Matrix'!$K3,InherentImpact,'Risk Matrix'!$L$4)) | H15: =IF(COUNTIFS(InherentProbability,'Risk Matrix'!$K3,InherentImpact,'Risk Matrix'!$L$3)=0,"",COUNTIFS(InherentProbability,'Risk Matrix'!$K3,InherentImpact,'Risk Matrix'!$L$3))
C16: =K$4 -> High | D16: =IF(COUNTIFS(InherentProbability,'Risk Matrix'!$K4,InherentImpact,'Risk Matrix'!$L$7)=0,"",COUNTIFS(InherentProbability,'Risk Matrix'!$K4,InherentImpact,'Risk Matrix'!$L$7)) -> 1 | E16: =IF(COUNTIFS(InherentProbability,'Risk Matrix'!$K4,InherentImpact,'Risk Matrix'!$L$6)=0,"",COUNTIFS(InherentProbability,'Risk Matrix'!$K4,InherentImpact,'Risk Matrix'!$L$6)) | F16: =IF(COUNTIFS(InherentProbability,'Risk Matrix'!$K4,InherentImpact,'Risk Matrix'!$L$5)=0,"",COUNTIFS(InherentProbability,'Risk Matrix'!$K4,InherentImpact,'Risk Matrix'!$L$5)) | G16: =IF(COUNTIFS(InherentProbability,'Risk Matrix'!$K4,InherentImpact,'Risk Matrix'!$L$4)=0,"",COUNTIFS(InherentProbability,'Risk Matrix'!$K4,InherentImpact,'Risk Matrix'!$L$4)) -> 1 | H16: =IF(COUNTIFS(InherentProbability,'Risk Matrix'!$K4,InherentImpact,'Risk Matrix'!$L$3)=0,"",COUNTIFS(InherentProbability,'Risk Matrix'!$K4,InherentImpact,'Risk Matrix'!$L$3))
C17: =K$5 -> Medium | D17: =IF(COUNTIFS(InherentProbability,'Risk Matrix'!$K5,InherentImpact,'Risk Matrix'!$L$7)=0,"",COUNTIFS(InherentProbability,'Risk Matrix'!$K5,InherentImpact,'Risk Matrix'!$L$7)) -> 1 | E17: =IF(COUNTIFS(InherentProbability,'Risk Matrix'!$K5,InherentImpact,'Risk Matrix'!$L$6)=0,"",COUNTIFS(InherentProbability,'Risk Matrix'!$K5,InherentImpact,'Risk Matrix'!$L$6)) -> 1 | F17: =IF(COUNTIFS(InherentProbability,'Risk Matrix'!$K5,InherentImpact,'Risk Matrix'!$L$5)=0,"",COUNTIFS(InherentProbability,'Risk Matrix'!$K5,InherentImpact,'Risk Matrix'!$L$5)) | G17: =IF(COUNTIFS(InherentProbability,'Risk Matrix'!$K5,InherentImpact,'Risk Matrix'!$L$4)=0,"",COUNTIFS(InherentProbability,'Risk Matrix'!$K5,InherentImpact,'Risk Matrix'!$L$4)) -> 1 | H17: =IF(COUNTIFS(InherentProbability,'Risk Matrix'!$K5,InherentImpact,'Risk Matrix'!$L$3)=0,"",COUNTIFS(InherentProbability,'Risk Matrix'!$K5,InherentImpact,'Risk Matrix'!$L$3)) -> 1
C18: =K$6 -> Low | D18: =IF(COUNTIFS(InherentProbability,'Risk Matrix'!$K6,InherentImpact,'Risk Matrix'!$L$7)=0,"",COUNTIFS(InherentProbability,'Risk Matrix'!$K6,InherentImpact,'Risk Matrix'!$L$7)) | E18: =IF(COUNTIFS(InherentProbability,'Risk Matrix'!$K6,InherentImpact,'Risk Matrix'!$L$6)=0,"",COUNTIFS(InherentProbability,'Risk Matrix'!$K6,InherentImpact,'Risk Matrix'!$L$6)) | F18: =IF(COUNTIFS(InherentProbability,'Risk Matrix'!$K6,InherentImpact,'Risk Matrix'!$L$5)=0,"",COUNTIFS(InherentProbability,'Risk Matrix'!$K6,InherentImpact,'Risk Matrix'!$L$5)) -> 1 | G18: =IF(COUNTIFS(InherentProbability,'Risk Matrix'!$K6,InherentImpact,'Risk Matrix'!$L$4)=0,"",COUNTIFS(InherentProbability,'Risk Matrix'!$K6,InherentImpact,'Risk Matrix'!$L$4)) -> 2 | H18: =IF(COUNTIFS(InherentProbability,'Risk Matrix'!$K6,InherentImpact,'Risk Matrix'!$L$3)=0,"",COUNTIFS(InherentProbability,'Risk Matrix'!$K6,InherentImpact,'Risk Matrix'!$L$3))
C19: =K$7 -> Very Low | D19: =IF(COUNTIFS(InherentProbability,'Risk Matrix'!$K7,InherentImpact,'Risk Matrix'!$L$7)=0,"",COUNTIFS(InherentProbability,'Risk Matrix'!$K7,InherentImpact,'Risk Matrix'!$L$7)) | E19: =IF(COUNTIFS(InherentProbability,'Risk Matrix'!$K7,InherentImpact,'Risk Matrix'!$L$6)=0,"",COUNTIFS(InherentProbability,'Risk Matrix'!$K7,InherentImpact,'Risk Matrix'!$L$6)) | F19: =IF(COUNTIFS(InherentProbability,'Risk Matrix'!$K7,InherentImpact,'Risk Matrix'!$L$5)=0,"",COUNTIFS(InherentProbability,'Risk Matrix'!$K7,InherentImpact,'Risk Matrix'!$L$5)) | G19: =IF(COUNTIFS(InherentProbability,'Risk Matrix'!$K7,InherentImpact,'Risk Matrix'!$L$4)=0,"",COUNTIFS(InherentProbability,'Risk Matrix'!$K7,InherentImpact,'Risk Matrix'!$L$4)) -> 1 | H19: =IF(COUNTIFS(InherentProbability,'Risk Matrix'!$K7,InherentImpact,'Risk Matrix'!$L$3)=0,"",COUNTIFS(InherentProbability,'Risk Matrix'!$K7,InherentImpact,'Risk Matrix'!$L$3))
B22: Residual Risk Matrix (after Controls)
B23: Impact | D23: =L$7 -> Very Low | E23: =L$6 -> Low | F23: =L$5 -> Medium | G23: =L$4 -> High | H23: =L$3 -> Very High
B24: Probability | C24: =K$3 -> Very High | D24: =IF(COUNTIFS(ResidualProbability,'Risk Matrix'!$K3,ResidualImpact,'Risk Matrix'!$L$7)=0,"",COUNTIFS(ResidualProbability,'Risk Matrix'!$K3,ResidualImpact,'Risk Matrix'!$L$7)) -> 1 | E24: =IF(COUNTIFS(ResidualProbability,'Risk Matrix'!$K3,ResidualImpact,'Risk Matrix'!$L$6)=0,"",COUNTIFS(ResidualProbability,'Risk Matrix'!$K3,ResidualImpact,'Risk Matrix'!$L$6)) | F24: =IF(COUNTIFS(ResidualProbability,'Risk Matrix'!$K3,ResidualImpact,'Risk Matrix'!$L$5)=0,"",COUNTIFS(ResidualProbability,'Risk Matrix'!$K3,ResidualImpact,'Risk Matrix'!$L$5)) | G24: =IF(COUNTIFS(ResidualProbability,'Risk Matrix'!$K3,ResidualImpact,'Risk Matrix'!$L$4)=0,"",COUNTIFS(ResidualProbability,'Risk Matrix'!$K3,ResidualImpact,'Risk Matrix'!$L$4)) | H24: =IF(COUNTIFS(ResidualProbability,'Risk Matrix'!$K3,ResidualImpact,'Risk Matrix'!$L$3)=0,"",COUNTIFS(ResidualProbability,'Risk Matrix'!$K3,ResidualImpact,'Risk Matrix'!$L$3))
C25: =K$4 -> High | D25: =IF(COUNTIFS(ResidualProbability,'Risk Matrix'!$K4,ResidualImpact,'Risk Matrix'!$L$7)=0,"",COUNTIFS(ResidualProbability,'Risk Matrix'!$K4,ResidualImpact,'Risk Matrix'!$L$7)) | E25: =IF(COUNTIFS(ResidualProbability,'Risk Matrix'!$K4,ResidualImpact,'Risk Matrix'!$L$6)=0,"",COUNTIFS(ResidualProbability,'Risk Matrix'!$K4,ResidualImpact,'Risk Matrix'!$L$6)) | F25: =IF(COUNTIFS(ResidualProbability,'Risk Matrix'!$K4,ResidualImpact,'Risk Matrix'!$L$5)=0,"",COUNTIFS(ResidualProbability,'Risk Matrix'!$K4,ResidualImpact,'Risk Matrix'!$L$5)) | G25: =IF(COUNTIFS(ResidualProbability,'Risk Matrix'!$K4,ResidualImpact,'Risk Matrix'!$L$4)=0,"",COUNTIFS(ResidualProbability,'Risk Matrix'!$K4,ResidualImpact,'Risk Matrix'!$L$4)) | H25: =IF(COUNTIFS(ResidualProbability,'Risk Matrix'!$K4,ResidualImpact,'Risk Matrix'!$L$3)=0,"",COUNTIFS(ResidualProbability,'Risk Matrix'!$K4,ResidualImpact,'Risk Matrix'!$L$3))
C26: =K$5 -> Medium | D26: =IF(COUNTIFS(ResidualProbability,'Risk Matrix'!$K5,ResidualImpact,'Risk Matrix'!$L$7)=0,"",COUNTIFS(ResidualProbability,'Risk Matrix'!$K5,ResidualImpact,'Risk Matrix'!$L$7)) -> 1 | E26: =IF(COUNTIFS(ResidualProbability,'Risk Matrix'!$K5,ResidualImpact,'Risk Matrix'!$L$6)=0,"",COUNTIFS(ResidualProbability,'Risk Matrix'!$K5,ResidualImpact,'Risk Matrix'!$L$6)) | F26: =IF(COUNTIFS(ResidualProbability,'Risk Matrix'!$K5,ResidualImpact,'Risk Matrix'!$L$5)=0,"",COUNTIFS(ResidualProbability,'Risk Matrix'!$K5,ResidualImpact,'Risk Matrix'!$L$5)) -> 1 | G26: =IF(COUNTIFS(ResidualProbability,'Risk Matrix'!$K5,ResidualImpact,'Risk Matrix'!$L$4)=0,"",COUNTIFS(ResidualProbability,'Risk Matrix'!$K5,ResidualImpact,'Risk Matrix'!$L$4)) | H26: =IF(COUNTIFS(ResidualProbability,'Risk Matrix'!$K5,ResidualImpact,'Risk Matrix'!$L$3)=0,"",COUNTIFS(ResidualProbability,'Risk Matrix'!$K5,ResidualImpact,'Risk Matrix'!$L$3))
C27: =K$6 -> Low | D27: =IF(COUNTIFS(ResidualProbability,'Risk Matrix'!$K6,ResidualImpact,'Risk Matrix'!$L$7)=0,"",COUNTIFS(ResidualProbability,'Risk Matrix'!$K6,ResidualImpact,'Risk Matrix'!$L$7)) -> 1 | E27: =IF(COUNTIFS(ResidualProbability,'Risk Matrix'!$K6,ResidualImpact,'Risk Matrix'!$L$6)=0,"",COUNTIFS(ResidualProbability,'Risk Matrix'!$K6,ResidualImpact,'Risk Matrix'!$L$6)) -> 4 | F27: =IF(COUNTIFS(ResidualProbability,'Risk Matrix'!$K6,ResidualImpact,'Risk Matrix'!$L$5)=0,"",COUNTIFS(ResidualProbability,'Risk Matrix'!$K6,ResidualImpact,'Risk Matrix'!$L$5)) -> 2 | G27: =IF(COUNTIFS(ResidualProbability,'Risk Matrix'!$K6,ResidualImpact,'Risk Matrix'!$L$4)=0,"",COUNTIFS(ResidualProbability,'Risk Matrix'!$K6,ResidualImpact,'Risk Matrix'!$L$4)) | H27: =IF(COUNTIFS(ResidualProbability,'Risk Matrix'!$K6,ResidualImpact,'Risk Matrix'!$L$3)=0,"",COUNTIFS(ResidualProbability,'Risk Matrix'!$K6,ResidualImpact,'Risk Matrix'!$L$3))
C28: =K$7 -> Very Low | D28: =IF(COUNTIFS(ResidualProbability,'Risk Matrix'!$K7,ResidualImpact,'Risk Matrix'!$L$7)=0,"",COUNTIFS(ResidualProbability,'Risk Matrix'!$K7,ResidualImpact,'Risk Matrix'!$L$7)) | E28: =IF(COUNTIFS(ResidualProbability,'Risk Matrix'!$K7,ResidualImpact,'Risk Matrix'!$L$6)=0,"",COUNTIFS(ResidualProbability,'Risk Matrix'!$K7,ResidualImpact,'Risk Matrix'!$L$6)) | F28: =IF(COUNTIFS(ResidualProbability,'Risk Matrix'!$K7,ResidualImpact,'Risk Matrix'!$L$5)=0,"",COUNTIFS(ResidualProbability,'Risk Matrix'!$K7,ResidualImpact,'Risk Matrix'!$L$5)) -> 1 | G28: =IF(COUNTIFS(ResidualProbability,'Risk Matrix'!$K7,ResidualImpact,'Risk Matrix'!$L$4)=0,"",COUNTIFS(ResidualProbability,'Risk Matrix'!$K7,ResidualImpact,'Risk Matrix'!$L$4)) | H28: =IF(COUNTIFS(ResidualProbability,'Risk Matrix'!$K7,ResidualImpact,'Risk Matrix'!$L$3)=0,"",COUNTIFS(ResidualProbability,'Risk Matrix'!$K7,ResidualImpact,'Risk Matrix'!$L$3))

Sheet ©
B1: Risk Assessment Template
B3: © 2024 David McLachlan
B5: This spreadsheet, including all worksheets and associated content is a copyrighted work under the United States and other copyright laws.
B7: Do not submit copies or modifications of this template to any website or online template gallery.
B9: You may make archival copies and customize the template only for your personal use or use within your company or organization and not for resale or public sharing.
B11: Do not delete this worksheet.
B13: Limitation of Liability
B15: This template and any related documentation are provided to you "as is." While every effort has been made to provide an outstanding product, without limiting the above you accept that this template may not meet your requirements, operate error free, or identify any or all errors or problems. This agreement does not affect any statutory rights you may have as a consumer.
